Investigation Area,Variable / Observation,Known-Good Batch,Sticking Batch,Difference Found,Next Controlled Check
Defect mapping,Affected punch / station,,,,
Defect mapping,Upper / lower / both,,,,
Defect mapping,Exact punch-face location,,,,
Timing,Time to first visible film,,,,
Timing,Time to first tablet defect,,,,
Timing,Cycle count to intervention,,,,
API,API lot / supplier,,,,
API,Crystal habit / morphology,,,,
API,Particle-size distribution,,,,
API,Specific surface area,,,,
API,Hygroscopicity / moisture behavior,,,,
Formulation,API loading,,,,
Formulation,Excipient grade / lot,,,,
Formulation,Granulation endpoint,,,,
Formulation,Validated moisture result,,,,
Lubrication,Magnesium stearate concentration,,,,
Lubrication,Blending order,,,,
Lubrication,Blending time / intensity,,,,
Tooling,Tooling set / station identity,,,,
Tooling,Punch steel / coating,,,,
Tooling,Surface condition / roughness history,,,,
Tooling,Engraving / logo geometry,,,,
Tooling,Polishing / restoration history,,,,
Compression,Precompression force,,,,
Compression,Main compression force,,,,
Compression,Turret speed,,,,
Compression,Dwell condition / head flat,,,,
Compression,Take-off force trend,,,,
Compression,Ejection force trend,,,,
Feeding,Feeder type / paddle speed,,,,
Feeding,Fill depth / powder recirculation,,,,
Environment,Room temperature,,,,
Environment,Relative humidity,,,,
Environment,Material hold time / exposure,,,,
Verification,Original failure window,,,,
Verification,Corrective-action run duration,,,,
Verification,Defect recurrence after change,,,,
