record_number,sku,make,model,part_name,category,catalog_part_number,oem_number,catalog_page,image_position,photo_status,verification,review_notes,image_path
1,PGE-KIK-001,Kikusui,GEMINI,CLUTCH RETAINING RING,Drive Components,KG-1L,MCL-1,6,R1C1,Catalog photo,Verified — index and product page agree,,/assets/images/parts/kikusui/pge-kik-001.webp
2,PGE-KIK-002,Kikusui,GEMINI,LOAD CELL WEAR PLATE,Drive Components,KG-010,N/A,6,R1C2,Photo not available,Verified — index and product page agree,,
3,PGE-KIK-003,Kikusui,GEMINI,EJECTOR CAM,Lower Cam Tracks,KG-17,G-17,6,R1C3,Catalog photo,Verified — index and product page agree,,/assets/images/parts/kikusui/pge-kik-003.webp
4,PGE-KIK-004,Kikusui,GEMINI,DOWN GUIDE 1-8MM FILL CAM GREASE TSM B,Lower Cam Tracks,K-G-18-4/1,N/A,6,R2C1,Catalog photo,Verified — index and product page agree,,/assets/images/parts/kikusui/pge-kik-004.webp
5,PGE-KIK-005,Kikusui,GEMINI,DOWN GUIDE 4-11MM FILL CAM GREASE TSM B,Lower Cam Tracks,KG-28-4/1,N/A,6,R2C2,Catalog photo,Verified — index and product page agree,,/assets/images/parts/kikusui/pge-kik-005.webp
6,PGE-KIK-006,Kikusui,GEMINI,DOWN GUIDE 9-16MM FILL CAM GREASE TSM B,Lower Cam Tracks,KG-29-4/1,N/A,6,R2C3,Catalog photo,Verified — index and product page agree,,/assets/images/parts/kikusui/pge-kik-006.webp
7,PGE-KIK-007,Kikusui,GEMINI,LUBE CAM COVER TSM B,Lower Cam Tracks,KG-48-2-QT,N/A,6,R3C1,Catalog photo,Verified — index and product page agree,,/assets/images/parts/kikusui/pge-kik-007.webp
8,PGE-KIK-008,Kikusui,GEMINI,SNAP FASTENER,Other,C-1023-1,G-17,6,R3C2,Catalog photo,Reviewed — product-page value used,Index oem number: (blank); pictured product page: G-17.,/assets/images/parts/kikusui/pge-kik-008.webp
9,PGE-KIK-009,Kikusui,GEMINI,POP LOCK LATCH,Other,C-1255-5,MCL-1,6,R3C3,Catalog photo,Reviewed — product-page value used,Index oem number: (blank); pictured product page: MCL-1.,/assets/images/parts/kikusui/pge-kik-009.webp
10,PGE-KIK-010,Kikusui,GEMINI,SETTING PLATE FOR ROLL BEARING,Pressure Rolls & Components,KG-R-4,N/A,6,R4C1,Catalog photo,Reviewed — product-page value used,Index part name: SETTING PLASTE FOR ROLL BEARTING; pictured product page: SETTING PLATE FOR ROLL BEARING.,/assets/images/parts/kikusui/pge-kik-010.webp
11,PGE-KIK-011,Kikusui,GEMINI,COLLAR FOR ROLL SHAFT,Pressure Rolls & Components,KG-R-8,N/A,6,R4C2,Catalog photo,Verified — index and product page agree,,/assets/images/parts/kikusui/pge-kik-011.webp
12,PGE-KIK-012,Kikusui,GEMINI,LOAD CELL TENSION BRACKET,Pressure Rolls & Components,KG-AW-9,N/A,6,R4C3,Catalog photo,Verified — index and product page agree,,/assets/images/parts/kikusui/pge-kik-012.webp
13,PGE-KIK-013,Kikusui,GEMINI,UPPER/LOWER ROLL,Pressure Rolls & Components,KG-R-1,R-1,6,R5C1,Catalog photo,Verified — index and product page agree,,/assets/images/parts/kikusui/pge-kik-013.webp
14,PGE-KIK-014,Kikusui,GEMINI,BEARING FOR ROLL,Pressure Rolls & Components,SL04-5014,N/A,6,R5C2,Catalog photo,Verified — index and product page agree,,/assets/images/parts/kikusui/pge-kik-014.webp
15,PGE-KIK-015,Kikusui,GEMINI,BEARING FOR ROLL SHAFT - B,Pressure Rolls & Components,SL04-5013,N/A,6,R5C3,Catalog photo,Verified — index and product page agree,,/assets/images/parts/kikusui/pge-kik-015.webp
16,PGE-KIK-016,Kikusui,GEMINI,TABLET OUTLET RAIL,Product Control,G-45,G-45,7,R1C1,Catalog photo,Verified — index and product page agree,,/assets/images/parts/kikusui/pge-kik-016.webp
17,PGE-KIK-017,Kikusui,GEMINI,UPPER PUNCH GUIDE RAIL (FRONT),Product Control,K-014-G-03,014-G-03,7,R1C2,Catalog photo,Verified — index and product page agree,,/assets/images/parts/kikusui/pge-kik-017.webp
18,PGE-KIK-018,Kikusui,GEMINI,UPPER PUNCH SETTING RAIL,Product Control,K-014-G-05,014-G-05,7,R1C3,Catalog photo,Verified — index and product page agree,,/assets/images/parts/kikusui/pge-kik-018.webp
19,PGE-KIK-019,Kikusui,GEMINI,DUMPER DISCHARGE COVER,Product Control,K-119,JC-119,7,R2C1,Catalog photo,Verified — index and product page agree,,/assets/images/parts/kikusui/pge-kik-019.webp
20,PGE-KIK-020,Kikusui,GEMINI,DUMPER DISCHARGE,Product Control,K-129,014-JC-129,7,R2C2,Catalog photo,Verified — index and product page agree,,/assets/images/parts/kikusui/pge-kik-020.webp
21,PGE-KIK-021,Kikusui,GEMINI,INSERT FOR FEED FRAME - DELRIN,Product Control,KG-01,N/A,7,R2C3,Catalog photo,Reviewed — product-page value used,Index part name: INSERT FOR FEED FRAME; pictured product page: INSERT FOR FEED FRAME - DELRIN.,/assets/images/parts/kikusui/pge-kik-021.webp
22,PGE-KIK-022,Kikusui,GEMINI,INSERT FOR FEED FRAME - DELRIN,Product Control,KG-02,N/A,7,R3C1,Catalog photo,Reviewed — product-page value used,Index part name: INSERT FOR FEED FRAME; pictured product page: INSERT FOR FEED FRAME - DELRIN.,/assets/images/parts/kikusui/pge-kik-022.webp
23,PGE-KIK-023,Kikusui,GEMINI,VOLUME RAIL - BRONZE,Product Control,KG-1-4,41643,7,R3C2,Catalog photo,Verified — index and product page agree,,/assets/images/parts/kikusui/pge-kik-023.webp
24,PGE-KIK-024,Kikusui,GEMINI,THICKNESS CONTROL WORM,Product Control,KG-1G,R-1,7,R3C3,Catalog photo,Verified — index and product page agree,,/assets/images/parts/kikusui/pge-kik-024.webp
25,PGE-KIK-025,Kikusui,GEMINI,OPEN FEED FRAME,Product Control,KG-1J,J-01,7,R4C1,Catalog photo,Verified — index and product page agree,,/assets/images/parts/kikusui/pge-kik-025.webp
26,PGE-KIK-026,Kikusui,GEMINI,MAIN WORM WHEEL ADJUST,Product Control,KG-20,R-20,7,R4C2,Catalog photo,Verified — index and product page agree,,/assets/images/parts/kikusui/pge-kik-026.webp
27,PGE-KIK-027,Kikusui,GEMINI,THICKNESS CONTROL SHAFT,Product Control,KG-26,R-26,7,R4C3,Catalog photo,Verified — index and product page agree,,/assets/images/parts/kikusui/pge-kik-027.webp
28,PGE-KIK-028,Kikusui,GEMINI,FEEDER PAN (‘D’ TOOLING),Product Control,KG-2F,AF-2,7,R5C1,Catalog photo,Verified — index and product page agree,,/assets/images/parts/kikusui/pge-kik-028.webp
29,PGE-KIK-029,Kikusui,GEMINI,WEAR STRIP SET,Product Control,KG-2FWST,N/A,7,R5C2,Catalog photo,Verified — index and product page agree,,/assets/images/parts/kikusui/pge-kik-029.webp
30,PGE-KIK-030,Kikusui,GEMINI,GUIDE RAIL,Product Control,KG-3,G-3,7,R5C3,Catalog photo,Verified — index and product page agree,,/assets/images/parts/kikusui/pge-kik-030.webp
31,PGE-KIK-031,Kikusui,GEMINI,BRONZE WORM,Product Control,KG-38,R-38,8,R1C1,Catalog photo,Verified — index and product page agree,,/assets/images/parts/kikusui/pge-kik-031.webp
32,PGE-KIK-032,Kikusui,GEMINI,FEEDER PAN FOR SMALL TABLETS (‘B’ TOOLING),Product Control,KG-3F,AF-3,8,R1C2,Catalog photo,Reviewed — product-page value used,Index part name: FEEDER PAN (‘B’ TOOLING); pictured product page: FEEDER PAN FOR SMALL TABLETS (‘B’ TOOLING).,/assets/images/parts/kikusui/pge-kik-032.webp
33,PGE-KIK-033,Kikusui,GEMINI,MODIFIED FEEDER PAN WITH 11 MM SLOT,Product Control,KG-3F/1,AF-3,8,R1C3,Catalog photo,Verified — index and product page agree,,/assets/images/parts/kikusui/pge-kik-033.webp
34,PGE-KIK-034,Kikusui,GEMINI,SPRING HOUSING,Product Control,KG-3F-1,AF-3,8,R2C1,Catalog photo,Verified — index and product page agree,,/assets/images/parts/kikusui/pge-kik-034.webp
35,PGE-KIK-035,Kikusui,GEMINI,WEAR STRIP SET,Product Control,KG-3FWST,N/A,8,R2C2,Catalog photo,Verified — index and product page agree,,/assets/images/parts/kikusui/pge-kik-035.webp
36,PGE-KIK-036,Kikusui,GEMINI,EXIT PLATE - DELRIN,Product Control,KG-3F-4,AF-3,8,R2C3,Catalog photo,Reviewed — product-page value used,Index part name: EXIT PLATE; pictured product page: EXIT PLATE - DELRIN.,/assets/images/parts/kikusui/pge-kik-036.webp
37,PGE-KIK-037,Kikusui,GEMINI,WEAR STRIP SET - THIN,Product Control,KG-3FWST/1,N/A,8,R3C1,Catalog photo,Verified — index and product page agree,,/assets/images/parts/kikusui/pge-kik-037.webp
38,PGE-KIK-038,Kikusui,GEMINI,L.H. THICKNESS CONTROL BRACKET,Product Control,KG-45,R-45,8,R3C2,Catalog photo,Verified — index and product page agree,,/assets/images/parts/kikusui/pge-kik-038.webp
39,PGE-KIK-039,Kikusui,GEMINI,R.H. THICKNESS CONTROL BRACKET,Product Control,KG-46,R-46,8,R3C3,Catalog photo,Verified — index and product page agree,,/assets/images/parts/kikusui/pge-kik-039.webp
40,PGE-KIK-040,Kikusui,GEMINI,SAFETY CAM - VOLUME RAIL,Product Control,K-Q-005,014-Q-005,8,R4C1,Catalog photo,Verified — index and product page agree,,/assets/images/parts/kikusui/pge-kik-040.webp
41,PGE-KIK-041,Kikusui,GEMINI,SHAFT ADJ WORM W/KEY,Product Control,K-R-026,R-026,8,R4C2,Catalog photo,Verified — index and product page agree,,/assets/images/parts/kikusui/pge-kik-041.webp
42,PGE-KIK-042,Kikusui,GEMINI,SPRING HOUSING ASSEMBLY,Product Control,KG-3F-1A,N/A,8,R4C3,Catalog photo,Reviewed — product-page value used,Index part name: SPRING HOUSING; pictured product page: SPRING HOUSING ASSEMBLY.,/assets/images/parts/kikusui/pge-kik-042.webp
43,PGE-KIK-043,Kikusui,GEMINI,SPRING RETAINER FOR FEEDER PAN,Product Control,KG-3F-2,AF-3,8,R5C1,Catalog photo,Reviewed — product-page value used,Index part name: SPRING RETAINER; pictured product page: SPRING RETAINER FOR FEEDER PAN.,/assets/images/parts/kikusui/pge-kik-043.webp
44,PGE-KIK-044,Kikusui,GEMINI,RAIL LOWER PUNCH DISCHARGE,Product Control,K-G-24,G-24,8,R5C2,Catalog photo,Verified — index and product page agree,,/assets/images/parts/kikusui/pge-kik-044.webp
45,PGE-KIK-045,Kikusui,GEMINI,UPPER DUST NOZZLE,Product Control,KG-JC-95-1,JC-95,8,R5C3,Photo not available,Verified — index and product page agree,,
46,PGE-KIK-046,Kikusui,GEMINI,HOPPER WINDOW FRAME,Product Control,KG-N-13,N/A,9,R1C1,Catalog photo,Verified — index and product page agree,,/assets/images/parts/kikusui/pge-kik-046.webp
47,PGE-KIK-047,Kikusui,GEMINI,55 STATION TURRET ASSEMBLY*,Turrets,KG-55T,N/A,9,R1C2,Stock photo,Reviewed — product-page value used,Index part name: 55 STATION TURRET; pictured product page: 55 STATION TURRET ASSEMBLY*.,
48,PGE-KIK-048,Kikusui,GEMINI,67 STATION TURRET ASSEMBLY*,Turrets,KG-67T,N/A,9,R1C3,Stock photo,Reviewed — product-page value used,Index part number: KG-67; pictured product page: KG-67T.,
49,PGE-KIK-049,Kikusui,GEMINI,67 STATION TURRET ASSEMBLY*,Turrets,KG-67T/A,N/A,9,R2C1,Stock photo,Verified — index and product page agree,,
50,PGE-KIK-050,Kikusui,GEMINI,DIE LOCK SCREW,Turret Hardware,DL-11,D37-3,9,R2C2,Catalog photo,Verified — index and product page agree,,/assets/images/parts/kikusui/pge-kik-050.webp
51,PGE-KIK-051,Kikusui,GEMINI,UPPER/LOWER PUNCH GUIDE SEAL “B” TOOLING,Turret Hardware,K-75N,N/A,9,R2C3,Catalog photo,Reviewed — product-page value used,Index part name: PUNCH GUIDE SEAL “B” TOOLING; pictured product page: UPPER/LOWER PUNCH GUIDE SEAL “B” TOOLING.,/assets/images/parts/kikusui/pge-kik-051.webp
52,PGE-KIK-052,Kikusui,GEMINI,PIVOT PIN,Turret Hardware,K-G-025,014-G-025,9,R3C1,Catalog photo,Verified — index and product page agree,,/assets/images/parts/kikusui/pge-kik-052.webp
53,PGE-KIK-053,Kikusui,GEMINI,LOWER SEAL PLATE,Turret Hardware,KG-67LP85/QT,N/A,9,R3C2,Catalog photo,Verified — index and product page agree,,/assets/images/parts/kikusui/pge-kik-053.webp
54,PGE-KIK-054,Kikusui,GEMINI,LOWER SEAL PLATE,Turret Hardware,KG-67LP91/QT,N/A,9,R3C3,Catalog photo,Verified — index and product page agree,,/assets/images/parts/kikusui/pge-kik-054.webp
55,PGE-KIK-055,Kikusui,GEMINI,UPPER LOWERING CAM - BRONZE,Upper Cam Tracks,K-G-7,G-7,9,R4C1,Catalog photo,Verified — index and product page agree,,/assets/images/parts/kikusui/pge-kik-055.webp
56,PGE-KIK-056,Kikusui,GEMINI,UPPER LOWERING CAM - BRONZE,Upper Cam Tracks,K-G-46,G-46,9,R4C2,Catalog photo,Verified — index and product page agree,,/assets/images/parts/kikusui/pge-kik-056.webp
57,PGE-KIK-057,Kikusui,GEMINI,UPPER RAISING CAM - BRONZE,Upper Cam Tracks,K-G-6,G-6,9,R4C3,Catalog photo,Verified — index and product page agree,,/assets/images/parts/kikusui/pge-kik-057.webp
58,PGE-KIK-058,Kikusui,GEMINI,UPPER RAISING CAM “D”,Upper Cam Tracks,K-G-10,G-10,9,R5C1,Catalog photo,Verified — index and product page agree,,/assets/images/parts/kikusui/pge-kik-058.webp
59,PGE-KIK-059,Kikusui,GEMINI,UPPER PUNCH PRE MAIN TRANSFER RAIL,Upper Cam Tracks,KG-G-9,G-10,9,R5C2,Catalog photo,Reviewed — product-page value used,Index oem number: (blank); pictured product page: G-10.,/assets/images/parts/kikusui/pge-kik-059.webp
60,PGE-KIK-060,Kikusui,GEMINI 855,AGITATOR MAIN DRIVE SHAFT UPPER,Drive Components,KG-AF-74,N/A,10,R1C1,Catalog photo,Verified — index and product page agree,,/assets/images/parts/kikusui/pge-kik-060.webp
61,PGE-KIK-061,Kikusui,GEMINI 855,DOWN GUIDE 4-11MM FILL CAM GREASE TSM B,Lower Cam Tracks,K-G-28-4/1,N/A,10,R1C2,Catalog photo,Verified — index and product page agree,,/assets/images/parts/kikusui/pge-kik-061.webp
62,PGE-KIK-062,Kikusui,GEMINI 855,DOWN GUIDE 9-16MM FILL CAM GREASE TSM B,Lower Cam Tracks,K-G-29-4/1,N/A,10,R1C3,Catalog photo,Verified — index and product page agree,,/assets/images/parts/kikusui/pge-kik-062.webp
63,PGE-KIK-063,Kikusui,GEMINI 855,LUBE FELT TSM B,Lower Cam Tracks,KG-48-1-1-QT,N/A,10,R2C1,Catalog photo,Verified — index and product page agree,,/assets/images/parts/kikusui/pge-kik-063.webp
64,PGE-KIK-064,Kikusui,GEMINI 855,DOWN GUIDE - 1-8MM FAST FILL CAM - GREASE- TSM “B”,Lower Cam Tracks,K-G-18-4/1-FT,N/A,10,R2C2,Catalog photo,Verified — index and product page agree,,/assets/images/parts/kikusui/pge-kik-064.webp
65,PGE-KIK-065,Kikusui,GEMINI 855,DOWN GUIDE - 4-11MM FAST FILL CAM - GREASE - TSM “B”,Lower Cam Tracks,K-G-28-4/1-FT,N/A,10,R2C3,Catalog photo,Verified — index and product page agree,,/assets/images/parts/kikusui/pge-kik-065.webp
66,PGE-KIK-066,Kikusui,GEMINI 855,LOWERING SAFETY RAIL BASE WITH LUBE,Lower Cam Tracks,KG-G-48,N/A,10,R3C1,Catalog photo,Verified — index and product page agree,,/assets/images/parts/kikusui/pge-kik-066.webp
67,PGE-KIK-067,Kikusui,GEMINI 855,DE-AERATION FLANGE SEAL,Miscellaneous,KG-AF-71-1,N/A,10,R3C2,Catalog photo,Verified — index and product page agree,,/assets/images/parts/kikusui/pge-kik-067.webp
68,PGE-KIK-068,Kikusui,GEMINI 855,BASE OF UPWARD GUIDE RAIL BRACKET,Other,KG-G-16-1,N/A,10,R3C3,Catalog photo,Verified — index and product page agree,,/assets/images/parts/kikusui/pge-kik-068.webp
69,PGE-KIK-069,Kikusui,GEMINI 855,SETTING PLATE FOR ROLL BEARING,Pressure Rolls & Components,KG-R-4,N/A,10,R4C1,Catalog photo,Verified — index and product page agree,,/assets/images/parts/kikusui/pge-kik-069.webp
70,PGE-KIK-070,Kikusui,GEMINI 855,COLLAR FOR ROLL SHAFT,Pressure Rolls & Components,KG-R-8,N/A,10,R4C2,Catalog photo,Verified — index and product page agree,,/assets/images/parts/kikusui/pge-kik-070.webp
71,PGE-KIK-071,Kikusui,GEMINI 855,LOAD CELL TENSION BRACKET,Pressure Rolls & Components,KG-AW-9,N/A,10,R4C3,Catalog photo,Verified — index and product page agree,,/assets/images/parts/kikusui/pge-kik-071.webp
72,PGE-KIK-072,Kikusui,GEMINI 855,UPPER/LOWER ROLL,Pressure Rolls & Components,KG-R-1,N/A,10,R5C1,Catalog photo,Reviewed — product-page value used,Index oem number: R-1; pictured product page: N/A.,/assets/images/parts/kikusui/pge-kik-072.webp
73,PGE-KIK-073,Kikusui,GEMINI 855,FLANGE FOR LOWER ROLL SHAFT,Pressure Rolls & Components,KG-R-14,N/A,10,R5C2,Catalog photo,Verified — index and product page agree,,/assets/images/parts/kikusui/pge-kik-073.webp
74,PGE-KIK-074,Kikusui,GEMINI 855,LOWER ROLL SHAFT KEY,Pressure Rolls & Components,K-R6-1,N/A,10,R5C3,Catalog photo,Verified — index and product page agree,,/assets/images/parts/kikusui/pge-kik-074.webp
75,PGE-KIK-075,Kikusui,GEMINI 855,UPPER ROLL SHAFT KEY,Pressure Rolls & Components,KG-AW-1-1,N/A,11,R1C1,Catalog photo,Verified — index and product page agree,,/assets/images/parts/kikusui/pge-kik-075.webp
76,PGE-KIK-076,Kikusui,GEMINI 855,LOWER DUST NOZZLE,Product Control,KG-JC-96-1,JC-96,11,R1C2,Catalog photo,Verified — index and product page agree,,/assets/images/parts/kikusui/pge-kik-076.webp
77,PGE-KIK-077,Kikusui,GEMINI 855,TABLET TAKE OFF BASE,Product Control,K-129/1-1-QT,N/A,11,R1C3,Catalog photo,Verified — index and product page agree,,/assets/images/parts/kikusui/pge-kik-077.webp
78,PGE-KIK-078,Kikusui,GEMINI 855,TABLET TAKE OFF ARM,Product Control,K-129/1-2-QT,N/A,11,R2C1,Catalog photo,Verified — index and product page agree,,/assets/images/parts/kikusui/pge-kik-078.webp
79,PGE-KIK-079,Kikusui,GEMINI 855,TABLET TAKE OFF TIP,Product Control,K-129/1-3-QT,N/A,11,R2C2,Catalog photo,Verified — index and product page agree,,/assets/images/parts/kikusui/pge-kik-079.webp
80,PGE-KIK-080,Kikusui,GEMINI 855,SCRAPING DUMPER,Product Control,KG-AF-76,N/A,11,R2C3,Catalog photo,Verified — index and product page agree,,/assets/images/parts/kikusui/pge-kik-080.webp
81,PGE-KIK-081,Kikusui,GEMINI 855,VOLUME RAIL - FAST TRACK,Product Control,KG-1-4-FT,N/A,11,R3C1,Photo not available,Verified — index and product page agree,,
82,PGE-KIK-082,Kikusui,GEMINI 855,DOSING ADJUSTMENT HOUSING,Product Control,KG-528,N/A,11,R3C2,Photo not available,Verified — index and product page agree,,
83,PGE-KIK-083,Kikusui,GEMINI 855,DOSING ADJUSTMENT HOUSING BASE,Product Control,KG-786,N/A,11,R3C3,Photo not available,Verified — index and product page agree,,
84,PGE-KIK-084,Kikusui,GEMINI 855,FEEDER INPUT SHAFT,Product Control,KG-AF-83,N/A,11,R4C1,Catalog photo,Verified — index and product page agree,,/assets/images/parts/kikusui/pge-kik-084.webp
85,PGE-KIK-085,Kikusui,GEMINI 855,CHUTE ENTRANCE PLATE,Product Control,KG-AW-51/2-3,N/A,11,R4C2,Photo not available,Verified — index and product page agree,,
86,PGE-KIK-086,Kikusui,GEMINI 855,CHUTE DIVIDER,Product Control,KG-AW-51/2-6,N/A,11,R4C3,Photo not available,Verified — index and product page agree,,
87,PGE-KIK-087,Kikusui,GEMINI 855,WEAR STRIPS FOR POWDER BAND,Product Control,KG-JC-50,N/A,11,R5C1,Catalog photo,Verified — index and product page agree,,/assets/images/parts/kikusui/pge-kik-087.webp
88,PGE-KIK-088,Kikusui,GEMINI 855,2ND SCRAPING DUMPER,Product Control,KG-JC-55,N/A,11,R5C2,Catalog photo,Verified — index and product page agree,,/assets/images/parts/kikusui/pge-kik-088.webp
89,PGE-KIK-089,Kikusui,GEMINI 855,VACUUM PLATE,Product Control,KG-JC-95-3,N/A,11,R5C3,Catalog photo,Verified — index and product page agree,,/assets/images/parts/kikusui/pge-kik-089.webp
90,PGE-KIK-090,Kikusui,GEMINI 855,UPPER LOWERING CAM - BRONZE,Upper Cam Tracks,K-G-46,G-46,12,R1C1,Catalog photo,Verified — index and product page agree,,/assets/images/parts/kikusui/pge-kik-090.webp
91,PGE-KIK-091,Kikusui,GEMINI 855,UPPER RAISING CAM - BRONZE,Upper Cam Tracks,K-G-6,G-6,12,R1C2,Catalog photo,Reviewed — product-page value used,Index part name: UPPER RAISING CAM; pictured product page: UPPER RAISING CAM - BRONZE.,/assets/images/parts/kikusui/pge-kik-091.webp
92,PGE-KIK-092,Kikusui,GEMINI 855,UPPER LOWERING CAM - BRONZE,Upper Cam Tracks,K-G-7,G-7,12,R1C3,Catalog photo,Verified — index and product page agree,,/assets/images/parts/kikusui/pge-kik-092.webp
93,PGE-KIK-093,Kikusui,GEMINI 867,AGITATOR MAIN DRIVE SHAFT UPPER,Drive Components,KG-AF-74,N/A,13,R1C1,Catalog photo,Verified — index and product page agree,,/assets/images/parts/kikusui/pge-kik-093.webp
94,PGE-KIK-094,Kikusui,GEMINI 867,LUBE FELT TSM B,Lower Cam Tracks,KG-48-1-1-QT,N/A,13,R1C2,Catalog photo,Verified — index and product page agree,,/assets/images/parts/kikusui/pge-kik-094.webp
95,PGE-KIK-095,Kikusui,GEMINI 867,DOWN GUIDE 4-11MM FILL CAM GREASE TSM B,Lower Cam Track,K-G-28-4/1,N/A,13,R1C3,Catalog photo,Reviewed — product-page value used,Index category: Lower Cam Tracks; pictured product page: Lower Cam Track.,/assets/images/parts/kikusui/pge-kik-095.webp
96,PGE-KIK-096,Kikusui,GEMINI 867,DOWN GUIDE 9-16MM FILL CAM GREASE TSM B,Lower Cam Track,K-G-29-4/1,N/A,13,R2C1,Catalog photo,Reviewed — product-page value used,Index category: Lower Cam Tracks; pictured product page: Lower Cam Track.,/assets/images/parts/kikusui/pge-kik-096.webp
97,PGE-KIK-097,Kikusui,GEMINI 867,DOWN GUIDE - 1-8MM FAST FILL CAM - GREASE - TSM “B”,Lower Cam Tracks,K-G-18-4/1-FT,N/A,13,R2C2,Catalog photo,Verified — index and product page agree,,/assets/images/parts/kikusui/pge-kik-097.webp
98,PGE-KIK-098,Kikusui,GEMINI 867,DOWN GUIDE - 4-11MM FAST FILL CAM - GREASE - TSM “B”,Lower Cam Tracks,K-G-28-4/1-FT,N/A,13,R2C3,Catalog photo,Verified — index and product page agree,,/assets/images/parts/kikusui/pge-kik-098.webp
99,PGE-KIK-099,Kikusui,GEMINI 867,TIGHT PUNCH CAM FOR VOLUME RAIL,Lower Cam Tracks,KG-Q-34,N/A,13,R3C1,Catalog photo,Verified — index and product page agree,,/assets/images/parts/kikusui/pge-kik-099.webp
100,PGE-KIK-100,Kikusui,GEMINI 867,DE-AERATION FLANGE SEAL,Miscellaneous,KG-AF-71-1,N/A,13,R3C2,Catalog photo,Verified — index and product page agree,,/assets/images/parts/kikusui/pge-kik-100.webp
101,PGE-KIK-101,Kikusui,GEMINI 867,LOWER ROLL SHAFT KEY,Pressure Rolls & Components,K-R6-1,N/A,13,R3C3,Catalog photo,Verified — index and product page agree,,/assets/images/parts/kikusui/pge-kik-101.webp
102,PGE-KIK-102,Kikusui,GEMINI 867,UPPER ROLL SHAFT KEY,Pressure Rolls & Components,KG-AW-1-1,N/A,13,R4C1,Catalog photo,Verified — index and product page agree,,/assets/images/parts/kikusui/pge-kik-102.webp
103,PGE-KIK-103,Kikusui,GEMINI 867,SCRAPING DUMPBER,Product Control,KG-AF-76,N/A,13,R4C2,Catalog photo,Reviewed — product-page value used,Index part name: SCRAPING DUMPER; pictured product page: SCRAPING DUMPBER.,/assets/images/parts/kikusui/pge-kik-103.webp
104,PGE-KIK-104,Kikusui,GEMINI 867,VOLUME RAIL - FAST TRACK,Product Control,KG-1-4-FT,N/A,13,R4C3,Photo not available,Verified — index and product page agree,,
105,PGE-KIK-105,Kikusui,GEMINI 867,DOSING ADJUSTMENT HOUSING,Product Control,KG-528,N/A,13,R5C1,Photo not available,Verified — index and product page agree,,
106,PGE-KIK-106,Kikusui,GEMINI 867,DOSING ADJUSTMENT HOUSING BASE,Product Control,KG-786,N/A,13,R5C2,Photo not available,Verified — index and product page agree,,
107,PGE-KIK-107,Kikusui,GEMINI 867,FEEDER INPUT SHAFT,Product Control,KG-AF-83,N/A,13,R5C3,Catalog photo,Verified — index and product page agree,,/assets/images/parts/kikusui/pge-kik-107.webp
108,PGE-KIK-108,Kikusui,GEMINI 867,CHUTE ENTRANCE PLATE,Product Control,KG-AW-51/2-3,N/A,14,R1C1,Photo not available,Verified — index and product page agree,,
109,PGE-KIK-109,Kikusui,GEMINI 867,CHUTE DIVIDER,Product Control,KG-AW-51/2-6,N/A,14,R1C2,Photo not available,Verified — index and product page agree,,
110,PGE-KIK-110,Kikusui,GEMINI 867,WEAR STRIPS FOR POWDER BAND,Product Control,KG-JC-50,N/A,14,R1C3,Catalog photo,Verified — index and product page agree,,/assets/images/parts/kikusui/pge-kik-110.webp
111,PGE-KIK-111,Kikusui,GEMINI 867,VACUUM PLATE,Product Control,KG-JC-95-3,N/A,14,R2C1,Photo not available,Verified — index and product page agree,,
112,PGE-KIK-112,Kikusui,HERCULES,LOWER PUNCH SAFETY RAIL,Lower Cam Tracks,K-34,Q-34,15,R1C1,Catalog photo,Verified — index and product page agree,,/assets/images/parts/kikusui/pge-kik-112.webp
113,PGE-KIK-113,Kikusui,HERCULES,FILL CAM TSM “D” 16MM,Lower Cam Tracks,K-G-50,G-50,15,R1C2,Catalog photo,Verified — index and product page agree,,/assets/images/parts/kikusui/pge-kik-113.webp
114,PGE-KIK-114,Kikusui,HERCULES,UPPER/LOWER MAIN COMPRESSION ROLL,Pressure Rolls & Components,KH-RR-102,N/A,15,R1C3,Catalog photo,Verified — index and product page agree,,/assets/images/parts/kikusui/pge-kik-114.webp
115,PGE-KIK-115,Kikusui,HERCULES,UPPER/LOWER MAIN COMPRESSION ROLL END CAP,Pressure Rolls & Components,KH-RR-102-1,N/A,15,R2C1,Catalog photo,Verified — index and product page agree,,/assets/images/parts/kikusui/pge-kik-115.webp
116,PGE-KIK-116,Kikusui,HERCULES,UPPER/LOWER PRE-COMPRESSION ROLL,Pressure Rolls & Components,KH-RR-302,N/A,15,R2C2,Catalog photo,Verified — index and product page agree,,/assets/images/parts/kikusui/pge-kik-116.webp
117,PGE-KIK-117,Kikusui,HERCULES,UPPER/LOWER PRE- COMPRESSION ROLL END CAP,Pressure Rolls & Components,KH-RR-302-1,N/A,15,R2C3,Catalog photo,Verified — index and product page agree,,/assets/images/parts/kikusui/pge-kik-117.webp
118,PGE-KIK-118,Kikusui,HERCULES,DISCHARGE RAIL,Product Control,KH-20,N/A,15,R3C1,Catalog photo,Verified — index and product page agree,,/assets/images/parts/kikusui/pge-kik-118.webp
119,PGE-KIK-119,Kikusui,LIBRA,EJECTION CAM,Lower Cam Tracks,KL-23,G-7,16,R1C1,Catalog photo,Verified — index and product page agree,,/assets/images/parts/kikusui/pge-kik-119.webp
120,PGE-KIK-120,Kikusui,LIBRA,UPPER COMPRESSION SHAFT,Pressure Rolls & Components,K-AWI,N/A,16,R1C2,Catalog photo,Verified — index and product page agree,,/assets/images/parts/kikusui/pge-kik-120.webp
121,PGE-KIK-121,Kikusui,LIBRA,UPPER PRE-COMPRESSION. SHAFT,Pressure Rolls & Components,K-R55,R55,16,R1C3,Catalog photo,Verified — index and product page agree,,/assets/images/parts/kikusui/pge-kik-121.webp
122,PGE-KIK-122,Kikusui,LIBRA,UPPER/LOWER PRE-MAIN ROLL SHAFT,Pressure Rolls & Components,K-R6,"014-R-006, R6",16,R2C1,Catalog photo,Verified — index and product page agree,,/assets/images/parts/kikusui/pge-kik-122.webp
123,PGE-KIK-123,Kikusui,LIBRA,LOWER MAIN COMPRESSION ROLL SHAFT.,Pressure Rolls & Components,K-R7,R7,16,R2C2,Catalog photo,Verified — index and product page agree,,/assets/images/parts/kikusui/pge-kik-123.webp
124,PGE-KIK-124,Kikusui,LIBRA,LOWER PRE-COMPRESSION SHAFT,Pressure Rolls & Components,K-R8,R8,16,R2C3,Catalog photo,Verified — index and product page agree,,/assets/images/parts/kikusui/pge-kik-124.webp
125,PGE-KIK-125,Kikusui,LIBRA,DISCHARGE RAIL,Product Control,KL-17,G-17,16,R3C1,Catalog photo,Verified — index and product page agree,,/assets/images/parts/kikusui/pge-kik-125.webp
126,PGE-KIK-126,Kikusui,LIBRA,FEEDER PAN,Product Control,KL-1F,AF-1,16,R3C2,Catalog photo,Verified — index and product page agree,,/assets/images/parts/kikusui/pge-kik-126.webp
127,PGE-KIK-127,Kikusui,LIBRA,FEEDER PAN (300 SERIES STAINLESS),Product Control,KL-1F/1,AF-1,16,R3C3,Catalog photo,Verified — index and product page agree,,/assets/images/parts/kikusui/pge-kik-127.webp
128,PGE-KIK-128,Kikusui,LIBRA,MODIFIED FEEDER PAN WITH 11 MM SLOT,Product Control,KL-1F/2,N/A,16,R4C1,Catalog photo,Verified — index and product page agree,,/assets/images/parts/kikusui/pge-kik-128.webp
129,PGE-KIK-129,Kikusui,LIBRA,WEAR STRIP SET,Product Control,KL-1F/WST,N/A,16,R4C2,Catalog photo,Verified — index and product page agree,,/assets/images/parts/kikusui/pge-kik-129.webp
130,PGE-KIK-130,Kikusui,LIBRA,FEEDER FRAME UPPER SECTION - 1 PIECE,Product Control,KL-1F40,AF1-01040,16,R4C3,Catalog photo,Verified — index and product page agree,,/assets/images/parts/kikusui/pge-kik-130.webp
131,PGE-KIK-131,Kikusui,LIBRA,FEEDER FRAME UPPER - 2 PIECE SECTION,Product Control,KL-1F40/2,AF1-01040,16,R5C1,Catalog photo,Verified — index and product page agree,,/assets/images/parts/kikusui/pge-kik-131.webp
132,PGE-KIK-132,Kikusui,LIBRA,DRIVE SHAFT,Product Control,KL-42,AF-42,16,R5C2,Catalog photo,Verified — index and product page agree,,/assets/images/parts/kikusui/pge-kik-132.webp
133,PGE-KIK-133,Kikusui,LIBRA,FEED FRAME WITH WEAR STRIP,Product Control,KL-J010,N/A,16,R5C3,Catalog photo,Verified — index and product page agree,,/assets/images/parts/kikusui/pge-kik-133.webp
134,PGE-KIK-134,Kikusui,LIBRA,TABLET KNOCK-OFF ASSEMBLY,Product Control,K-W20,OA-W-20,17,R1C1,Catalog photo,Verified — index and product page agree,,/assets/images/parts/kikusui/pge-kik-134.webp
135,PGE-KIK-135,Kikusui,LIBRA,FEEDER PAN - WIDE STRIP,Product Control,KL-1F-WS,AF-1,17,R1C2,Photo not available,Verified — index and product page agree,,
136,PGE-KIK-136,Kikusui,LIBRA,WEAR STRIP - FEEDER PAN,Product Control,KL-J010/WST,N/A,17,R1C3,Catalog photo,Verified — index and product page agree,,/assets/images/parts/kikusui/pge-kik-136.webp
137,PGE-KIK-137,Kikusui,LIBRA,WEAR STRIP SET INCLUDES EXIT PLATE,Product Control,KL-1F/2WST,N/A,17,R2C1,Photo not available,Verified — index and product page agree,,
138,PGE-KIK-138,Kikusui,LIBRA,DIE LOCK SCREW,Turret Hardware,DL-11,D37-3,17,R2C2,Catalog photo,Verified — index and product page agree,,/assets/images/parts/kikusui/pge-kik-138.webp
139,PGE-KIK-139,Kikusui,LIBRA,PUNCH GUIDE SEAL “B” TOOLING,Turret Hardware,K-75N,N/A,17,R2C3,Catalog photo,Verified — index and product page agree,,/assets/images/parts/kikusui/pge-kik-139.webp
140,PGE-KIK-140,Kikusui,LIBRA,DIE LOCK ASSEMBLY,Turret Hardware,DL-40,N/A,17,R3C1,Photo not available,Verified — index and product page agree,,
141,PGE-KIK-141,Kikusui,LIBRA,36 STATION TURRET ASSEMBLY* - NEW STYLE (BOLT ON MOUNT),Turrets,KL-36T/1,N/A,17,R3C2,Stock photo,Reviewed — product-page value used,Index part name: 36 STATION TURRET - NEW STYLE (BOLT ON MOUNT); pictured product page: 36 STATION TURRET ASSEMBLY* - NEW STYLE (BOLT ON MOUNT).,
142,PGE-KIK-142,Kikusui,LIBRA,36 STATION TURRET ASSEMBLY* - (OLD STYLE KEYED ON MOUNT),Turrets,KL-36T,N/A,17,R3C3,Stock photo,Reviewed — product-page value used,Index part name: 36 STATION TURRET - (OLD STYLE (KEYED ON MOUNT); pictured product page: 36 STATION TURRET ASSEMBLY* - (OLD STYLE KEYED ON MOUNT).,
143,PGE-KIK-143,Kikusui,NEW GEMINI,SENSOR BRACKET,Other,KG-EL-SB1,N/A,18,R1C1,Catalog photo,Verified — index and product page agree,,/assets/images/parts/kikusui/pge-kik-143.webp
144,PGE-KIK-144,Kikusui,NEW GEMINI,UPPER PUNCH GUIDE RAIL COVER,Upper Cam Tracks,KG-Q-60,N/A,18,R1C2,Catalog photo,Verified — index and product page agree,,/assets/images/parts/kikusui/pge-kik-144.webp
145,PGE-KIK-145,Kikusui,NEW GEMINI,UPPER PUNCH GUIDE RAIL COVER - LUBE SIDE,Upper Cam Tracks,KG-Q-61,N/A,18,R1C3,Catalog photo,Verified — index and product page agree,,/assets/images/parts/kikusui/pge-kik-145.webp
146,PGE-KIK-146,Kikusui,NEW GEMINI 855,SAFETY CAM FOR UPWARD GUIDE RAIL- BRONZE,Lower Cam Tracks,K-G-20,G-20,19,R1C1,Catalog photo,Verified — index and product page agree,,/assets/images/parts/kikusui/pge-kik-146.webp
147,PGE-KIK-147,Kikusui,NEW GEMINI 855,RAIL LOWER PUNCH DISCHARGE - BRONZE,Lower Cam Tracks,K-G-24,G-24,19,R1C2,Catalog photo,Reviewed — product-page value used,Index part name: RAIL LOWER PUNCH DISCHARGE; pictured product page: RAIL LOWER PUNCH DISCHARGE - BRONZE.,/assets/images/parts/kikusui/pge-kik-147.webp
148,PGE-KIK-148,Kikusui,NEW GEMINI 855,LOWERING SAFETY RAIL - DELRIN,Lower Cam Tracks,K-G-57,G-57,19,R1C3,Catalog photo,Reviewed — product-page value used,Index part name: LOWERING SAFETY RAIL; pictured product page: LOWERING SAFETY RAIL - DELRIN.,/assets/images/parts/kikusui/pge-kik-148.webp
149,PGE-KIK-149,Kikusui,NEW GEMINI 855,DIE SET RAIL,Lower Cam Tracks,KG-G-59,N/A,19,R2C1,Catalog photo,Verified — index and product page agree,,/assets/images/parts/kikusui/pge-kik-149.webp
150,PGE-KIK-150,Kikusui,NEW GEMINI 855,TIGHT PUNCH CAM FOR VOLUME RAIL,Lower Cam Tracks,KG-Q-34,N/A,19,R2C2,Catalog photo,Verified — index and product page agree,,/assets/images/parts/kikusui/pge-kik-150.webp
151,PGE-KIK-151,Kikusui,NEW GEMINI 855,PLATE ON LOAD CELL (PRE COMP),Pressure Rolls & Components,KG-AW-5-QT,N/A,19,R2C3,Catalog photo,Verified — index and product page agree,,/assets/images/parts/kikusui/pge-kik-151.webp
152,PGE-KIK-152,Kikusui,NEW GEMINI 855,AGITATOR DRIVE GEAR,Product Control,KG-AF-13,N/A,19,R3C1,Catalog photo,Verified — index and product page agree,,/assets/images/parts/kikusui/pge-kik-152.webp
153,PGE-KIK-153,Kikusui,NEW GEMINI 855,AGITATOR MAIN DRIVE GEAR,Product Control,KG-AF-18,N/A,19,R3C2,Catalog photo,Verified — index and product page agree,,/assets/images/parts/kikusui/pge-kik-153.webp
154,PGE-KIK-154,Kikusui,NEW GEMINI 855,AGITATOR DRIVE MID GEAR,Product Control,KG-AF-27,N/A,19,R3C3,Catalog photo,Verified — index and product page agree,,/assets/images/parts/kikusui/pge-kik-154.webp
155,PGE-KIK-155,Kikusui,NEW GEMINI 855,HOPPER POWDER SHUTTER,Product Control,KG-N-6,N/A,19,R4C1,Catalog photo,Verified — index and product page agree,,/assets/images/parts/kikusui/pge-kik-155.webp
156,PGE-KIK-156,Kikusui,NEW GEMINI 855,UPPER PUNCH CAM ASSEMBLY TSM B,Upper Cam Tracks,KG-48-1/A-QT,N/A,19,R4C2,Photo not available,Reviewed — product-page value used,Index part name: UPPER LUBE CAM ASSEMBLY TSM B; pictured product page: UPPER PUNCH CAM ASSEMBLY TSM B.,
157,PGE-KIK-157,Kikusui,NEW GEMINI 855,UPPER PUNCH GUIDE RAIL,Upper Cam Tracks,KG-G-58,N/A,19,R4C3,Catalog photo,Verified — index and product page agree,,/assets/images/parts/kikusui/pge-kik-157.webp
158,PGE-KIK-158,Kikusui,NEW GEMINI 855,UPPER PUNCH GUIDE RAIL,Upper Cam Tracks,KG-G-58-QT,N/A,19,R5C1,Catalog photo,Verified — index and product page agree,,/assets/images/parts/kikusui/pge-kik-158.webp
