sku,make,model,part_name,category,catalog_part_number,oem_number,catalog_page,photo_status,image_path,landing_page,source_verification
PGE-KIK-001,Kikusui,GEMINI,CLUTCH RETAINING RING,Drive Components,KG-1L,MCL-1,6,Catalog photo,/assets/images/parts/kikusui/pge-kik-001.webp,/parts/pge-kik-001/,Verified — index and product page agree
PGE-KIK-002,Kikusui,GEMINI,LOAD CELL WEAR PLATE,Drive Components,KG-010,Not listed in source catalog,6,Photo not available,,/parts/pge-kik-002/,Verified — index and product page agree
PGE-KIK-003,Kikusui,GEMINI,EJECTOR CAM,Lower Cam Tracks,KG-17,G-17,6,Catalog photo,/assets/images/parts/kikusui/pge-kik-003.webp,/parts/pge-kik-003/,Verified — index and product page agree
PGE-KIK-004,Kikusui,GEMINI,DOWN GUIDE 1-8MM FILL CAM GREASE TSM B,Lower Cam Tracks,K-G-18-4/1,Not listed in source catalog,6,Catalog photo,/assets/images/parts/kikusui/pge-kik-004.webp,/parts/pge-kik-004/,Verified — index and product page agree
PGE-KIK-005,Kikusui,GEMINI,DOWN GUIDE 4-11MM FILL CAM GREASE TSM B,Lower Cam Tracks,KG-28-4/1,Not listed in source catalog,6,Catalog photo,/assets/images/parts/kikusui/pge-kik-005.webp,/parts/pge-kik-005/,Verified — index and product page agree
PGE-KIK-006,Kikusui,GEMINI,DOWN GUIDE 9-16MM FILL CAM GREASE TSM B,Lower Cam Tracks,KG-29-4/1,Not listed in source catalog,6,Catalog photo,/assets/images/parts/kikusui/pge-kik-006.webp,/parts/pge-kik-006/,Verified — index and product page agree
PGE-KIK-007,Kikusui,GEMINI,LUBE CAM COVER TSM B,Lower Cam Tracks,KG-48-2-QT,Not listed in source catalog,6,Catalog photo,/assets/images/parts/kikusui/pge-kik-007.webp,/parts/pge-kik-007/,Verified — index and product page agree
PGE-KIK-008,Kikusui,GEMINI,SNAP FASTENER,Other,C-1023-1,G-17,6,Catalog photo,/assets/images/parts/kikusui/pge-kik-008.webp,/parts/pge-kik-008/,Reviewed — product-page value used
PGE-KIK-009,Kikusui,GEMINI,POP LOCK LATCH,Other,C-1255-5,MCL-1,6,Catalog photo,/assets/images/parts/kikusui/pge-kik-009.webp,/parts/pge-kik-009/,Reviewed — product-page value used
PGE-KIK-010,Kikusui,GEMINI,SETTING PLATE FOR ROLL BEARING,Pressure Rolls & Components,KG-R-4,Not listed in source catalog,6,Catalog photo,/assets/images/parts/kikusui/pge-kik-010.webp,/parts/pge-kik-010/,Reviewed — product-page value used
PGE-KIK-011,Kikusui,GEMINI,COLLAR FOR ROLL SHAFT,Pressure Rolls & Components,KG-R-8,Not listed in source catalog,6,Catalog photo,/assets/images/parts/kikusui/pge-kik-011.webp,/parts/pge-kik-011/,Verified — index and product page agree
PGE-KIK-012,Kikusui,GEMINI,LOAD CELL TENSION BRACKET,Pressure Rolls & Components,KG-AW-9,Not listed in source catalog,6,Catalog photo,/assets/images/parts/kikusui/pge-kik-012.webp,/parts/pge-kik-012/,Verified — index and product page agree
PGE-KIK-013,Kikusui,GEMINI,UPPER/LOWER ROLL,Pressure Rolls & Components,KG-R-1,R-1,6,Catalog photo,/assets/images/parts/kikusui/pge-kik-013.webp,/parts/pge-kik-013/,Verified — index and product page agree
PGE-KIK-014,Kikusui,GEMINI,BEARING FOR ROLL,Pressure Rolls & Components,SL04-5014,Not listed in source catalog,6,Catalog photo,/assets/images/parts/kikusui/pge-kik-014.webp,/parts/pge-kik-014/,Verified — index and product page agree
PGE-KIK-015,Kikusui,GEMINI,BEARING FOR ROLL SHAFT - B,Pressure Rolls & Components,SL04-5013,Not listed in source catalog,6,Catalog photo,/assets/images/parts/kikusui/pge-kik-015.webp,/parts/pge-kik-015/,Verified — index and product page agree
PGE-KIK-016,Kikusui,GEMINI,TABLET OUTLET RAIL,Product Control,G-45,G-45,7,Catalog photo,/assets/images/parts/kikusui/pge-kik-016.webp,/parts/pge-kik-016/,Verified — index and product page agree
PGE-KIK-017,Kikusui,GEMINI,UPPER PUNCH GUIDE RAIL (FRONT),Product Control,K-014-G-03,014-G-03,7,Catalog photo,/assets/images/parts/kikusui/pge-kik-017.webp,/parts/pge-kik-017/,Verified — index and product page agree
PGE-KIK-018,Kikusui,GEMINI,UPPER PUNCH SETTING RAIL,Product Control,K-014-G-05,014-G-05,7,Catalog photo,/assets/images/parts/kikusui/pge-kik-018.webp,/parts/pge-kik-018/,Verified — index and product page agree
PGE-KIK-019,Kikusui,GEMINI,DUMPER DISCHARGE COVER,Product Control,K-119,JC-119,7,Catalog photo,/assets/images/parts/kikusui/pge-kik-019.webp,/parts/pge-kik-019/,Verified — index and product page agree
PGE-KIK-020,Kikusui,GEMINI,DUMPER DISCHARGE,Product Control,K-129,014-JC-129,7,Catalog photo,/assets/images/parts/kikusui/pge-kik-020.webp,/parts/pge-kik-020/,Verified — index and product page agree
PGE-KIK-021,Kikusui,GEMINI,INSERT FOR FEED FRAME - DELRIN,Product Control,KG-01,Not listed in source catalog,7,Catalog photo,/assets/images/parts/kikusui/pge-kik-021.webp,/parts/pge-kik-021/,Reviewed — product-page value used
PGE-KIK-022,Kikusui,GEMINI,INSERT FOR FEED FRAME - DELRIN,Product Control,KG-02,Not listed in source catalog,7,Catalog photo,/assets/images/parts/kikusui/pge-kik-022.webp,/parts/pge-kik-022/,Reviewed — product-page value used
PGE-KIK-023,Kikusui,GEMINI,VOLUME RAIL - BRONZE,Product Control,KG-1-4,41643,7,Catalog photo,/assets/images/parts/kikusui/pge-kik-023.webp,/parts/pge-kik-023/,Verified — index and product page agree
PGE-KIK-024,Kikusui,GEMINI,THICKNESS CONTROL WORM,Product Control,KG-1G,R-1,7,Catalog photo,/assets/images/parts/kikusui/pge-kik-024.webp,/parts/pge-kik-024/,Verified — index and product page agree
PGE-KIK-025,Kikusui,GEMINI,OPEN FEED FRAME,Product Control,KG-1J,J-01,7,Catalog photo,/assets/images/parts/kikusui/pge-kik-025.webp,/parts/pge-kik-025/,Verified — index and product page agree
PGE-KIK-026,Kikusui,GEMINI,MAIN WORM WHEEL ADJUST,Product Control,KG-20,R-20,7,Catalog photo,/assets/images/parts/kikusui/pge-kik-026.webp,/parts/pge-kik-026/,Verified — index and product page agree
PGE-KIK-027,Kikusui,GEMINI,THICKNESS CONTROL SHAFT,Product Control,KG-26,R-26,7,Catalog photo,/assets/images/parts/kikusui/pge-kik-027.webp,/parts/pge-kik-027/,Verified — index and product page agree
PGE-KIK-028,Kikusui,GEMINI,FEEDER PAN (‘D’ TOOLING),Product Control,KG-2F,AF-2,7,Catalog photo,/assets/images/parts/kikusui/pge-kik-028.webp,/parts/pge-kik-028/,Verified — index and product page agree
PGE-KIK-029,Kikusui,GEMINI,WEAR STRIP SET,Product Control,KG-2FWST,Not listed in source catalog,7,Catalog photo,/assets/images/parts/kikusui/pge-kik-029.webp,/parts/pge-kik-029/,Verified — index and product page agree
PGE-KIK-030,Kikusui,GEMINI,GUIDE RAIL,Product Control,KG-3,G-3,7,Catalog photo,/assets/images/parts/kikusui/pge-kik-030.webp,/parts/pge-kik-030/,Verified — index and product page agree
PGE-KIK-031,Kikusui,GEMINI,BRONZE WORM,Product Control,KG-38,R-38,8,Catalog photo,/assets/images/parts/kikusui/pge-kik-031.webp,/parts/pge-kik-031/,Verified — index and product page agree
PGE-KIK-032,Kikusui,GEMINI,FEEDER PAN FOR SMALL TABLETS (‘B’ TOOLING),Product Control,KG-3F,AF-3,8,Catalog photo,/assets/images/parts/kikusui/pge-kik-032.webp,/parts/pge-kik-032/,Reviewed — product-page value used
PGE-KIK-033,Kikusui,GEMINI,MODIFIED FEEDER PAN WITH 11 MM SLOT,Product Control,KG-3F/1,AF-3,8,Catalog photo,/assets/images/parts/kikusui/pge-kik-033.webp,/parts/pge-kik-033/,Verified — index and product page agree
PGE-KIK-034,Kikusui,GEMINI,SPRING HOUSING,Product Control,KG-3F-1,AF-3,8,Catalog photo,/assets/images/parts/kikusui/pge-kik-034.webp,/parts/pge-kik-034/,Verified — index and product page agree
PGE-KIK-035,Kikusui,GEMINI,WEAR STRIP SET,Product Control,KG-3FWST,Not listed in source catalog,8,Catalog photo,/assets/images/parts/kikusui/pge-kik-035.webp,/parts/pge-kik-035/,Verified — index and product page agree
PGE-KIK-036,Kikusui,GEMINI,EXIT PLATE - DELRIN,Product Control,KG-3F-4,AF-3,8,Catalog photo,/assets/images/parts/kikusui/pge-kik-036.webp,/parts/pge-kik-036/,Reviewed — product-page value used
PGE-KIK-037,Kikusui,GEMINI,WEAR STRIP SET - THIN,Product Control,KG-3FWST/1,Not listed in source catalog,8,Catalog photo,/assets/images/parts/kikusui/pge-kik-037.webp,/parts/pge-kik-037/,Verified — index and product page agree
PGE-KIK-038,Kikusui,GEMINI,L.H. THICKNESS CONTROL BRACKET,Product Control,KG-45,R-45,8,Catalog photo,/assets/images/parts/kikusui/pge-kik-038.webp,/parts/pge-kik-038/,Verified — index and product page agree
PGE-KIK-039,Kikusui,GEMINI,R.H. THICKNESS CONTROL BRACKET,Product Control,KG-46,R-46,8,Catalog photo,/assets/images/parts/kikusui/pge-kik-039.webp,/parts/pge-kik-039/,Verified — index and product page agree
PGE-KIK-040,Kikusui,GEMINI,SAFETY CAM - VOLUME RAIL,Product Control,K-Q-005,014-Q-005,8,Catalog photo,/assets/images/parts/kikusui/pge-kik-040.webp,/parts/pge-kik-040/,Verified — index and product page agree
PGE-KIK-041,Kikusui,GEMINI,SHAFT ADJ WORM W/KEY,Product Control,K-R-026,R-026,8,Catalog photo,/assets/images/parts/kikusui/pge-kik-041.webp,/parts/pge-kik-041/,Verified — index and product page agree
PGE-KIK-042,Kikusui,GEMINI,SPRING HOUSING ASSEMBLY,Product Control,KG-3F-1A,Not listed in source catalog,8,Catalog photo,/assets/images/parts/kikusui/pge-kik-042.webp,/parts/pge-kik-042/,Reviewed — product-page value used
PGE-KIK-043,Kikusui,GEMINI,SPRING RETAINER FOR FEEDER PAN,Product Control,KG-3F-2,AF-3,8,Catalog photo,/assets/images/parts/kikusui/pge-kik-043.webp,/parts/pge-kik-043/,Reviewed — product-page value used
PGE-KIK-044,Kikusui,GEMINI,RAIL LOWER PUNCH DISCHARGE,Product Control,K-G-24,G-24,8,Catalog photo,/assets/images/parts/kikusui/pge-kik-044.webp,/parts/pge-kik-044/,Verified — index and product page agree
PGE-KIK-045,Kikusui,GEMINI,UPPER DUST NOZZLE,Product Control,KG-JC-95-1,JC-95,8,Photo not available,,/parts/pge-kik-045/,Verified — index and product page agree
PGE-KIK-046,Kikusui,GEMINI,HOPPER WINDOW FRAME,Product Control,KG-N-13,Not listed in source catalog,9,Catalog photo,/assets/images/parts/kikusui/pge-kik-046.webp,/parts/pge-kik-046/,Verified — index and product page agree
PGE-KIK-047,Kikusui,GEMINI,55 STATION TURRET ASSEMBLY*,Turrets,KG-55T,Not listed in source catalog,9,Stock photo,,/parts/pge-kik-047/,Reviewed — product-page value used
PGE-KIK-048,Kikusui,GEMINI,67 STATION TURRET ASSEMBLY*,Turrets,KG-67T,Not listed in source catalog,9,Stock photo,,/parts/pge-kik-048/,Reviewed — product-page value used
PGE-KIK-049,Kikusui,GEMINI,67 STATION TURRET ASSEMBLY*,Turrets,KG-67T/A,Not listed in source catalog,9,Stock photo,,/parts/pge-kik-049/,Verified — index and product page agree
PGE-KIK-050,Kikusui,GEMINI,DIE LOCK SCREW,Turret Hardware,DL-11,D37-3,9,Catalog photo,/assets/images/parts/kikusui/pge-kik-050.webp,/parts/pge-kik-050/,Verified — index and product page agree
PGE-KIK-051,Kikusui,GEMINI,UPPER/LOWER PUNCH GUIDE SEAL “B” TOOLING,Turret Hardware,K-75N,Not listed in source catalog,9,Catalog photo,/assets/images/parts/kikusui/pge-kik-051.webp,/parts/pge-kik-051/,Reviewed — product-page value used
PGE-KIK-052,Kikusui,GEMINI,PIVOT PIN,Turret Hardware,K-G-025,014-G-025,9,Catalog photo,/assets/images/parts/kikusui/pge-kik-052.webp,/parts/pge-kik-052/,Verified — index and product page agree
PGE-KIK-053,Kikusui,GEMINI,LOWER SEAL PLATE,Turret Hardware,KG-67LP85/QT,Not listed in source catalog,9,Catalog photo,/assets/images/parts/kikusui/pge-kik-053.webp,/parts/pge-kik-053/,Verified — index and product page agree
PGE-KIK-054,Kikusui,GEMINI,LOWER SEAL PLATE,Turret Hardware,KG-67LP91/QT,Not listed in source catalog,9,Catalog photo,/assets/images/parts/kikusui/pge-kik-054.webp,/parts/pge-kik-054/,Verified — index and product page agree
PGE-KIK-055,Kikusui,GEMINI,UPPER LOWERING CAM - BRONZE,Upper Cam Tracks,K-G-7,G-7,9,Catalog photo,/assets/images/parts/kikusui/pge-kik-055.webp,/parts/pge-kik-055/,Verified — index and product page agree
PGE-KIK-056,Kikusui,GEMINI,UPPER LOWERING CAM - BRONZE,Upper Cam Tracks,K-G-46,G-46,9,Catalog photo,/assets/images/parts/kikusui/pge-kik-056.webp,/parts/pge-kik-056/,Verified — index and product page agree
PGE-KIK-057,Kikusui,GEMINI,UPPER RAISING CAM - BRONZE,Upper Cam Tracks,K-G-6,G-6,9,Catalog photo,/assets/images/parts/kikusui/pge-kik-057.webp,/parts/pge-kik-057/,Verified — index and product page agree
PGE-KIK-058,Kikusui,GEMINI,UPPER RAISING CAM “D”,Upper Cam Tracks,K-G-10,G-10,9,Catalog photo,/assets/images/parts/kikusui/pge-kik-058.webp,/parts/pge-kik-058/,Verified — index and product page agree
PGE-KIK-059,Kikusui,GEMINI,UPPER PUNCH PRE MAIN TRANSFER RAIL,Upper Cam Tracks,KG-G-9,G-10,9,Catalog photo,/assets/images/parts/kikusui/pge-kik-059.webp,/parts/pge-kik-059/,Reviewed — product-page value used
PGE-KIK-060,Kikusui,GEMINI 855,AGITATOR MAIN DRIVE SHAFT UPPER,Drive Components,KG-AF-74,Not listed in source catalog,10,Catalog photo,/assets/images/parts/kikusui/pge-kik-060.webp,/parts/pge-kik-060/,Verified — index and product page agree
PGE-KIK-061,Kikusui,GEMINI 855,DOWN GUIDE 4-11MM FILL CAM GREASE TSM B,Lower Cam Tracks,K-G-28-4/1,Not listed in source catalog,10,Catalog photo,/assets/images/parts/kikusui/pge-kik-061.webp,/parts/pge-kik-061/,Verified — index and product page agree
PGE-KIK-062,Kikusui,GEMINI 855,DOWN GUIDE 9-16MM FILL CAM GREASE TSM B,Lower Cam Tracks,K-G-29-4/1,Not listed in source catalog,10,Catalog photo,/assets/images/parts/kikusui/pge-kik-062.webp,/parts/pge-kik-062/,Verified — index and product page agree
PGE-KIK-063,Kikusui,GEMINI 855,LUBE FELT TSM B,Lower Cam Tracks,KG-48-1-1-QT,Not listed in source catalog,10,Catalog photo,/assets/images/parts/kikusui/pge-kik-063.webp,/parts/pge-kik-063/,Verified — index and product page agree
PGE-KIK-064,Kikusui,GEMINI 855,DOWN GUIDE - 1-8MM FAST FILL CAM - GREASE- TSM “B”,Lower Cam Tracks,K-G-18-4/1-FT,Not listed in source catalog,10,Catalog photo,/assets/images/parts/kikusui/pge-kik-064.webp,/parts/pge-kik-064/,Verified — index and product page agree
PGE-KIK-065,Kikusui,GEMINI 855,DOWN GUIDE - 4-11MM FAST FILL CAM - GREASE - TSM “B”,Lower Cam Tracks,K-G-28-4/1-FT,Not listed in source catalog,10,Catalog photo,/assets/images/parts/kikusui/pge-kik-065.webp,/parts/pge-kik-065/,Verified — index and product page agree
PGE-KIK-066,Kikusui,GEMINI 855,LOWERING SAFETY RAIL BASE WITH LUBE,Lower Cam Tracks,KG-G-48,Not listed in source catalog,10,Catalog photo,/assets/images/parts/kikusui/pge-kik-066.webp,/parts/pge-kik-066/,Verified — index and product page agree
PGE-KIK-067,Kikusui,GEMINI 855,DE-AERATION FLANGE SEAL,Miscellaneous,KG-AF-71-1,Not listed in source catalog,10,Catalog photo,/assets/images/parts/kikusui/pge-kik-067.webp,/parts/pge-kik-067/,Verified — index and product page agree
PGE-KIK-068,Kikusui,GEMINI 855,BASE OF UPWARD GUIDE RAIL BRACKET,Other,KG-G-16-1,Not listed in source catalog,10,Catalog photo,/assets/images/parts/kikusui/pge-kik-068.webp,/parts/pge-kik-068/,Verified — index and product page agree
PGE-KIK-069,Kikusui,GEMINI 855,SETTING PLATE FOR ROLL BEARING,Pressure Rolls & Components,KG-R-4,Not listed in source catalog,10,Catalog photo,/assets/images/parts/kikusui/pge-kik-069.webp,/parts/pge-kik-069/,Verified — index and product page agree
PGE-KIK-070,Kikusui,GEMINI 855,COLLAR FOR ROLL SHAFT,Pressure Rolls & Components,KG-R-8,Not listed in source catalog,10,Catalog photo,/assets/images/parts/kikusui/pge-kik-070.webp,/parts/pge-kik-070/,Verified — index and product page agree
PGE-KIK-071,Kikusui,GEMINI 855,LOAD CELL TENSION BRACKET,Pressure Rolls & Components,KG-AW-9,Not listed in source catalog,10,Catalog photo,/assets/images/parts/kikusui/pge-kik-071.webp,/parts/pge-kik-071/,Verified — index and product page agree
PGE-KIK-072,Kikusui,GEMINI 855,UPPER/LOWER ROLL,Pressure Rolls & Components,KG-R-1,Not listed in source catalog,10,Catalog photo,/assets/images/parts/kikusui/pge-kik-072.webp,/parts/pge-kik-072/,Reviewed — product-page value used
PGE-KIK-073,Kikusui,GEMINI 855,FLANGE FOR LOWER ROLL SHAFT,Pressure Rolls & Components,KG-R-14,Not listed in source catalog,10,Catalog photo,/assets/images/parts/kikusui/pge-kik-073.webp,/parts/pge-kik-073/,Verified — index and product page agree
PGE-KIK-074,Kikusui,GEMINI 855,LOWER ROLL SHAFT KEY,Pressure Rolls & Components,K-R6-1,Not listed in source catalog,10,Catalog photo,/assets/images/parts/kikusui/pge-kik-074.webp,/parts/pge-kik-074/,Verified — index and product page agree
PGE-KIK-075,Kikusui,GEMINI 855,UPPER ROLL SHAFT KEY,Pressure Rolls & Components,KG-AW-1-1,Not listed in source catalog,11,Catalog photo,/assets/images/parts/kikusui/pge-kik-075.webp,/parts/pge-kik-075/,Verified — index and product page agree
PGE-KIK-076,Kikusui,GEMINI 855,LOWER DUST NOZZLE,Product Control,KG-JC-96-1,JC-96,11,Catalog photo,/assets/images/parts/kikusui/pge-kik-076.webp,/parts/pge-kik-076/,Verified — index and product page agree
PGE-KIK-077,Kikusui,GEMINI 855,TABLET TAKE OFF BASE,Product Control,K-129/1-1-QT,Not listed in source catalog,11,Catalog photo,/assets/images/parts/kikusui/pge-kik-077.webp,/parts/pge-kik-077/,Verified — index and product page agree
PGE-KIK-078,Kikusui,GEMINI 855,TABLET TAKE OFF ARM,Product Control,K-129/1-2-QT,Not listed in source catalog,11,Catalog photo,/assets/images/parts/kikusui/pge-kik-078.webp,/parts/pge-kik-078/,Verified — index and product page agree
PGE-KIK-079,Kikusui,GEMINI 855,TABLET TAKE OFF TIP,Product Control,K-129/1-3-QT,Not listed in source catalog,11,Catalog photo,/assets/images/parts/kikusui/pge-kik-079.webp,/parts/pge-kik-079/,Verified — index and product page agree
PGE-KIK-080,Kikusui,GEMINI 855,SCRAPING DUMPER,Product Control,KG-AF-76,Not listed in source catalog,11,Catalog photo,/assets/images/parts/kikusui/pge-kik-080.webp,/parts/pge-kik-080/,Verified — index and product page agree
PGE-KIK-081,Kikusui,GEMINI 855,VOLUME RAIL - FAST TRACK,Product Control,KG-1-4-FT,Not listed in source catalog,11,Photo not available,,/parts/pge-kik-081/,Verified — index and product page agree
PGE-KIK-082,Kikusui,GEMINI 855,DOSING ADJUSTMENT HOUSING,Product Control,KG-528,Not listed in source catalog,11,Photo not available,,/parts/pge-kik-082/,Verified — index and product page agree
PGE-KIK-083,Kikusui,GEMINI 855,DOSING ADJUSTMENT HOUSING BASE,Product Control,KG-786,Not listed in source catalog,11,Photo not available,,/parts/pge-kik-083/,Verified — index and product page agree
PGE-KIK-084,Kikusui,GEMINI 855,FEEDER INPUT SHAFT,Product Control,KG-AF-83,Not listed in source catalog,11,Catalog photo,/assets/images/parts/kikusui/pge-kik-084.webp,/parts/pge-kik-084/,Verified — index and product page agree
PGE-KIK-085,Kikusui,GEMINI 855,CHUTE ENTRANCE PLATE,Product Control,KG-AW-51/2-3,Not listed in source catalog,11,Photo not available,,/parts/pge-kik-085/,Verified — index and product page agree
PGE-KIK-086,Kikusui,GEMINI 855,CHUTE DIVIDER,Product Control,KG-AW-51/2-6,Not listed in source catalog,11,Photo not available,,/parts/pge-kik-086/,Verified — index and product page agree
PGE-KIK-087,Kikusui,GEMINI 855,WEAR STRIPS FOR POWDER BAND,Product Control,KG-JC-50,Not listed in source catalog,11,Catalog photo,/assets/images/parts/kikusui/pge-kik-087.webp,/parts/pge-kik-087/,Verified — index and product page agree
PGE-KIK-088,Kikusui,GEMINI 855,2ND SCRAPING DUMPER,Product Control,KG-JC-55,Not listed in source catalog,11,Catalog photo,/assets/images/parts/kikusui/pge-kik-088.webp,/parts/pge-kik-088/,Verified — index and product page agree
PGE-KIK-089,Kikusui,GEMINI 855,VACUUM PLATE,Product Control,KG-JC-95-3,Not listed in source catalog,11,Catalog photo,/assets/images/parts/kikusui/pge-kik-089.webp,/parts/pge-kik-089/,Verified — index and product page agree
PGE-KIK-090,Kikusui,GEMINI 855,UPPER LOWERING CAM - BRONZE,Upper Cam Tracks,K-G-46,G-46,12,Catalog photo,/assets/images/parts/kikusui/pge-kik-090.webp,/parts/pge-kik-090/,Verified — index and product page agree
PGE-KIK-091,Kikusui,GEMINI 855,UPPER RAISING CAM - BRONZE,Upper Cam Tracks,K-G-6,G-6,12,Catalog photo,/assets/images/parts/kikusui/pge-kik-091.webp,/parts/pge-kik-091/,Reviewed — product-page value used
PGE-KIK-092,Kikusui,GEMINI 855,UPPER LOWERING CAM - BRONZE,Upper Cam Tracks,K-G-7,G-7,12,Catalog photo,/assets/images/parts/kikusui/pge-kik-092.webp,/parts/pge-kik-092/,Verified — index and product page agree
PGE-KIK-093,Kikusui,GEMINI 867,AGITATOR MAIN DRIVE SHAFT UPPER,Drive Components,KG-AF-74,Not listed in source catalog,13,Catalog photo,/assets/images/parts/kikusui/pge-kik-093.webp,/parts/pge-kik-093/,Verified — index and product page agree
PGE-KIK-094,Kikusui,GEMINI 867,LUBE FELT TSM B,Lower Cam Tracks,KG-48-1-1-QT,Not listed in source catalog,13,Catalog photo,/assets/images/parts/kikusui/pge-kik-094.webp,/parts/pge-kik-094/,Verified — index and product page agree
PGE-KIK-095,Kikusui,GEMINI 867,DOWN GUIDE 4-11MM FILL CAM GREASE TSM B,Lower Cam Track,K-G-28-4/1,Not listed in source catalog,13,Catalog photo,/assets/images/parts/kikusui/pge-kik-095.webp,/parts/pge-kik-095/,Reviewed — product-page value used
PGE-KIK-096,Kikusui,GEMINI 867,DOWN GUIDE 9-16MM FILL CAM GREASE TSM B,Lower Cam Track,K-G-29-4/1,Not listed in source catalog,13,Catalog photo,/assets/images/parts/kikusui/pge-kik-096.webp,/parts/pge-kik-096/,Reviewed — product-page value used
PGE-KIK-097,Kikusui,GEMINI 867,DOWN GUIDE - 1-8MM FAST FILL CAM - GREASE - TSM “B”,Lower Cam Tracks,K-G-18-4/1-FT,Not listed in source catalog,13,Catalog photo,/assets/images/parts/kikusui/pge-kik-097.webp,/parts/pge-kik-097/,Verified — index and product page agree
PGE-KIK-098,Kikusui,GEMINI 867,DOWN GUIDE - 4-11MM FAST FILL CAM - GREASE - TSM “B”,Lower Cam Tracks,K-G-28-4/1-FT,Not listed in source catalog,13,Catalog photo,/assets/images/parts/kikusui/pge-kik-098.webp,/parts/pge-kik-098/,Verified — index and product page agree
PGE-KIK-099,Kikusui,GEMINI 867,TIGHT PUNCH CAM FOR VOLUME RAIL,Lower Cam Tracks,KG-Q-34,Not listed in source catalog,13,Catalog photo,/assets/images/parts/kikusui/pge-kik-099.webp,/parts/pge-kik-099/,Verified — index and product page agree
PGE-KIK-100,Kikusui,GEMINI 867,DE-AERATION FLANGE SEAL,Miscellaneous,KG-AF-71-1,Not listed in source catalog,13,Catalog photo,/assets/images/parts/kikusui/pge-kik-100.webp,/parts/pge-kik-100/,Verified — index and product page agree
PGE-KIK-101,Kikusui,GEMINI 867,LOWER ROLL SHAFT KEY,Pressure Rolls & Components,K-R6-1,Not listed in source catalog,13,Catalog photo,/assets/images/parts/kikusui/pge-kik-101.webp,/parts/pge-kik-101/,Verified — index and product page agree
PGE-KIK-102,Kikusui,GEMINI 867,UPPER ROLL SHAFT KEY,Pressure Rolls & Components,KG-AW-1-1,Not listed in source catalog,13,Catalog photo,/assets/images/parts/kikusui/pge-kik-102.webp,/parts/pge-kik-102/,Verified — index and product page agree
PGE-KIK-103,Kikusui,GEMINI 867,SCRAPING DUMPBER,Product Control,KG-AF-76,Not listed in source catalog,13,Catalog photo,/assets/images/parts/kikusui/pge-kik-103.webp,/parts/pge-kik-103/,Reviewed — product-page value used
PGE-KIK-104,Kikusui,GEMINI 867,VOLUME RAIL - FAST TRACK,Product Control,KG-1-4-FT,Not listed in source catalog,13,Photo not available,,/parts/pge-kik-104/,Verified — index and product page agree
PGE-KIK-105,Kikusui,GEMINI 867,DOSING ADJUSTMENT HOUSING,Product Control,KG-528,Not listed in source catalog,13,Photo not available,,/parts/pge-kik-105/,Verified — index and product page agree
PGE-KIK-106,Kikusui,GEMINI 867,DOSING ADJUSTMENT HOUSING BASE,Product Control,KG-786,Not listed in source catalog,13,Photo not available,,/parts/pge-kik-106/,Verified — index and product page agree
PGE-KIK-107,Kikusui,GEMINI 867,FEEDER INPUT SHAFT,Product Control,KG-AF-83,Not listed in source catalog,13,Catalog photo,/assets/images/parts/kikusui/pge-kik-107.webp,/parts/pge-kik-107/,Verified — index and product page agree
PGE-KIK-108,Kikusui,GEMINI 867,CHUTE ENTRANCE PLATE,Product Control,KG-AW-51/2-3,Not listed in source catalog,14,Photo not available,,/parts/pge-kik-108/,Verified — index and product page agree
PGE-KIK-109,Kikusui,GEMINI 867,CHUTE DIVIDER,Product Control,KG-AW-51/2-6,Not listed in source catalog,14,Photo not available,,/parts/pge-kik-109/,Verified — index and product page agree
PGE-KIK-110,Kikusui,GEMINI 867,WEAR STRIPS FOR POWDER BAND,Product Control,KG-JC-50,Not listed in source catalog,14,Catalog photo,/assets/images/parts/kikusui/pge-kik-110.webp,/parts/pge-kik-110/,Verified — index and product page agree
PGE-KIK-111,Kikusui,GEMINI 867,VACUUM PLATE,Product Control,KG-JC-95-3,Not listed in source catalog,14,Photo not available,,/parts/pge-kik-111/,Verified — index and product page agree
PGE-KIK-112,Kikusui,HERCULES,LOWER PUNCH SAFETY RAIL,Lower Cam Tracks,K-34,Q-34,15,Catalog photo,/assets/images/parts/kikusui/pge-kik-112.webp,/parts/pge-kik-112/,Verified — index and product page agree
PGE-KIK-113,Kikusui,HERCULES,FILL CAM TSM “D” 16MM,Lower Cam Tracks,K-G-50,G-50,15,Catalog photo,/assets/images/parts/kikusui/pge-kik-113.webp,/parts/pge-kik-113/,Verified — index and product page agree
PGE-KIK-114,Kikusui,HERCULES,UPPER/LOWER MAIN COMPRESSION ROLL,Pressure Rolls & Components,KH-RR-102,Not listed in source catalog,15,Catalog photo,/assets/images/parts/kikusui/pge-kik-114.webp,/parts/pge-kik-114/,Verified — index and product page agree
PGE-KIK-115,Kikusui,HERCULES,UPPER/LOWER MAIN COMPRESSION ROLL END CAP,Pressure Rolls & Components,KH-RR-102-1,Not listed in source catalog,15,Catalog photo,/assets/images/parts/kikusui/pge-kik-115.webp,/parts/pge-kik-115/,Verified — index and product page agree
PGE-KIK-116,Kikusui,HERCULES,UPPER/LOWER PRE-COMPRESSION ROLL,Pressure Rolls & Components,KH-RR-302,Not listed in source catalog,15,Catalog photo,/assets/images/parts/kikusui/pge-kik-116.webp,/parts/pge-kik-116/,Verified — index and product page agree
PGE-KIK-117,Kikusui,HERCULES,UPPER/LOWER PRE- COMPRESSION ROLL END CAP,Pressure Rolls & Components,KH-RR-302-1,Not listed in source catalog,15,Catalog photo,/assets/images/parts/kikusui/pge-kik-117.webp,/parts/pge-kik-117/,Verified — index and product page agree
PGE-KIK-118,Kikusui,HERCULES,DISCHARGE RAIL,Product Control,KH-20,Not listed in source catalog,15,Catalog photo,/assets/images/parts/kikusui/pge-kik-118.webp,/parts/pge-kik-118/,Verified — index and product page agree
PGE-KIK-119,Kikusui,LIBRA,EJECTION CAM,Lower Cam Tracks,KL-23,G-7,16,Catalog photo,/assets/images/parts/kikusui/pge-kik-119.webp,/parts/pge-kik-119/,Verified — index and product page agree
PGE-KIK-120,Kikusui,LIBRA,UPPER COMPRESSION SHAFT,Pressure Rolls & Components,K-AWI,Not listed in source catalog,16,Catalog photo,/assets/images/parts/kikusui/pge-kik-120.webp,/parts/pge-kik-120/,Verified — index and product page agree
PGE-KIK-121,Kikusui,LIBRA,UPPER PRE-COMPRESSION. SHAFT,Pressure Rolls & Components,K-R55,R55,16,Catalog photo,/assets/images/parts/kikusui/pge-kik-121.webp,/parts/pge-kik-121/,Verified — index and product page agree
PGE-KIK-122,Kikusui,LIBRA,UPPER/LOWER PRE-MAIN ROLL SHAFT,Pressure Rolls & Components,K-R6,"014-R-006, R6",16,Catalog photo,/assets/images/parts/kikusui/pge-kik-122.webp,/parts/pge-kik-122/,Verified — index and product page agree
PGE-KIK-123,Kikusui,LIBRA,LOWER MAIN COMPRESSION ROLL SHAFT.,Pressure Rolls & Components,K-R7,R7,16,Catalog photo,/assets/images/parts/kikusui/pge-kik-123.webp,/parts/pge-kik-123/,Verified — index and product page agree
PGE-KIK-124,Kikusui,LIBRA,LOWER PRE-COMPRESSION SHAFT,Pressure Rolls & Components,K-R8,R8,16,Catalog photo,/assets/images/parts/kikusui/pge-kik-124.webp,/parts/pge-kik-124/,Verified — index and product page agree
PGE-KIK-125,Kikusui,LIBRA,DISCHARGE RAIL,Product Control,KL-17,G-17,16,Catalog photo,/assets/images/parts/kikusui/pge-kik-125.webp,/parts/pge-kik-125/,Verified — index and product page agree
PGE-KIK-126,Kikusui,LIBRA,FEEDER PAN,Product Control,KL-1F,AF-1,16,Catalog photo,/assets/images/parts/kikusui/pge-kik-126.webp,/parts/pge-kik-126/,Verified — index and product page agree
PGE-KIK-127,Kikusui,LIBRA,FEEDER PAN (300 SERIES STAINLESS),Product Control,KL-1F/1,AF-1,16,Catalog photo,/assets/images/parts/kikusui/pge-kik-127.webp,/parts/pge-kik-127/,Verified — index and product page agree
PGE-KIK-128,Kikusui,LIBRA,MODIFIED FEEDER PAN WITH 11 MM SLOT,Product Control,KL-1F/2,Not listed in source catalog,16,Catalog photo,/assets/images/parts/kikusui/pge-kik-128.webp,/parts/pge-kik-128/,Verified — index and product page agree
PGE-KIK-129,Kikusui,LIBRA,WEAR STRIP SET,Product Control,KL-1F/WST,Not listed in source catalog,16,Catalog photo,/assets/images/parts/kikusui/pge-kik-129.webp,/parts/pge-kik-129/,Verified — index and product page agree
PGE-KIK-130,Kikusui,LIBRA,FEEDER FRAME UPPER SECTION - 1 PIECE,Product Control,KL-1F40,AF1-01040,16,Catalog photo,/assets/images/parts/kikusui/pge-kik-130.webp,/parts/pge-kik-130/,Verified — index and product page agree
PGE-KIK-131,Kikusui,LIBRA,FEEDER FRAME UPPER - 2 PIECE SECTION,Product Control,KL-1F40/2,AF1-01040,16,Catalog photo,/assets/images/parts/kikusui/pge-kik-131.webp,/parts/pge-kik-131/,Verified — index and product page agree
PGE-KIK-132,Kikusui,LIBRA,DRIVE SHAFT,Product Control,KL-42,AF-42,16,Catalog photo,/assets/images/parts/kikusui/pge-kik-132.webp,/parts/pge-kik-132/,Verified — index and product page agree
PGE-KIK-133,Kikusui,LIBRA,FEED FRAME WITH WEAR STRIP,Product Control,KL-J010,Not listed in source catalog,16,Catalog photo,/assets/images/parts/kikusui/pge-kik-133.webp,/parts/pge-kik-133/,Verified — index and product page agree
PGE-KIK-134,Kikusui,LIBRA,TABLET KNOCK-OFF ASSEMBLY,Product Control,K-W20,OA-W-20,17,Catalog photo,/assets/images/parts/kikusui/pge-kik-134.webp,/parts/pge-kik-134/,Verified — index and product page agree
PGE-KIK-135,Kikusui,LIBRA,FEEDER PAN - WIDE STRIP,Product Control,KL-1F-WS,AF-1,17,Photo not available,,/parts/pge-kik-135/,Verified — index and product page agree
PGE-KIK-136,Kikusui,LIBRA,WEAR STRIP - FEEDER PAN,Product Control,KL-J010/WST,Not listed in source catalog,17,Catalog photo,/assets/images/parts/kikusui/pge-kik-136.webp,/parts/pge-kik-136/,Verified — index and product page agree
PGE-KIK-137,Kikusui,LIBRA,WEAR STRIP SET INCLUDES EXIT PLATE,Product Control,KL-1F/2WST,Not listed in source catalog,17,Photo not available,,/parts/pge-kik-137/,Verified — index and product page agree
PGE-KIK-138,Kikusui,LIBRA,DIE LOCK SCREW,Turret Hardware,DL-11,D37-3,17,Catalog photo,/assets/images/parts/kikusui/pge-kik-138.webp,/parts/pge-kik-138/,Verified — index and product page agree
PGE-KIK-139,Kikusui,LIBRA,PUNCH GUIDE SEAL “B” TOOLING,Turret Hardware,K-75N,Not listed in source catalog,17,Catalog photo,/assets/images/parts/kikusui/pge-kik-139.webp,/parts/pge-kik-139/,Verified — index and product page agree
PGE-KIK-140,Kikusui,LIBRA,DIE LOCK ASSEMBLY,Turret Hardware,DL-40,Not listed in source catalog,17,Photo not available,,/parts/pge-kik-140/,Verified — index and product page agree
PGE-KIK-141,Kikusui,LIBRA,36 STATION TURRET ASSEMBLY* - NEW STYLE (BOLT ON MOUNT),Turrets,KL-36T/1,Not listed in source catalog,17,Stock photo,,/parts/pge-kik-141/,Reviewed — product-page value used
PGE-KIK-142,Kikusui,LIBRA,36 STATION TURRET ASSEMBLY* - (OLD STYLE KEYED ON MOUNT),Turrets,KL-36T,Not listed in source catalog,17,Stock photo,,/parts/pge-kik-142/,Reviewed — product-page value used
PGE-KIK-143,Kikusui,NEW GEMINI,SENSOR BRACKET,Other,KG-EL-SB1,Not listed in source catalog,18,Catalog photo,/assets/images/parts/kikusui/pge-kik-143.webp,/parts/pge-kik-143/,Verified — index and product page agree
PGE-KIK-144,Kikusui,NEW GEMINI,UPPER PUNCH GUIDE RAIL COVER,Upper Cam Tracks,KG-Q-60,Not listed in source catalog,18,Catalog photo,/assets/images/parts/kikusui/pge-kik-144.webp,/parts/pge-kik-144/,Verified — index and product page agree
PGE-KIK-145,Kikusui,NEW GEMINI,UPPER PUNCH GUIDE RAIL COVER - LUBE SIDE,Upper Cam Tracks,KG-Q-61,Not listed in source catalog,18,Catalog photo,/assets/images/parts/kikusui/pge-kik-145.webp,/parts/pge-kik-145/,Verified — index and product page agree
PGE-KIK-146,Kikusui,NEW GEMINI 855,SAFETY CAM FOR UPWARD GUIDE RAIL- BRONZE,Lower Cam Tracks,K-G-20,G-20,19,Catalog photo,/assets/images/parts/kikusui/pge-kik-146.webp,/parts/pge-kik-146/,Verified — index and product page agree
PGE-KIK-147,Kikusui,NEW GEMINI 855,RAIL LOWER PUNCH DISCHARGE - BRONZE,Lower Cam Tracks,K-G-24,G-24,19,Catalog photo,/assets/images/parts/kikusui/pge-kik-147.webp,/parts/pge-kik-147/,Reviewed — product-page value used
PGE-KIK-148,Kikusui,NEW GEMINI 855,LOWERING SAFETY RAIL - DELRIN,Lower Cam Tracks,K-G-57,G-57,19,Catalog photo,/assets/images/parts/kikusui/pge-kik-148.webp,/parts/pge-kik-148/,Reviewed — product-page value used
PGE-KIK-149,Kikusui,NEW GEMINI 855,DIE SET RAIL,Lower Cam Tracks,KG-G-59,Not listed in source catalog,19,Catalog photo,/assets/images/parts/kikusui/pge-kik-149.webp,/parts/pge-kik-149/,Verified — index and product page agree
PGE-KIK-150,Kikusui,NEW GEMINI 855,TIGHT PUNCH CAM FOR VOLUME RAIL,Lower Cam Tracks,KG-Q-34,Not listed in source catalog,19,Catalog photo,/assets/images/parts/kikusui/pge-kik-150.webp,/parts/pge-kik-150/,Verified — index and product page agree
PGE-KIK-151,Kikusui,NEW GEMINI 855,PLATE ON LOAD CELL (PRE COMP),Pressure Rolls & Components,KG-AW-5-QT,Not listed in source catalog,19,Catalog photo,/assets/images/parts/kikusui/pge-kik-151.webp,/parts/pge-kik-151/,Verified — index and product page agree
PGE-KIK-152,Kikusui,NEW GEMINI 855,AGITATOR DRIVE GEAR,Product Control,KG-AF-13,Not listed in source catalog,19,Catalog photo,/assets/images/parts/kikusui/pge-kik-152.webp,/parts/pge-kik-152/,Verified — index and product page agree
PGE-KIK-153,Kikusui,NEW GEMINI 855,AGITATOR MAIN DRIVE GEAR,Product Control,KG-AF-18,Not listed in source catalog,19,Catalog photo,/assets/images/parts/kikusui/pge-kik-153.webp,/parts/pge-kik-153/,Verified — index and product page agree
PGE-KIK-154,Kikusui,NEW GEMINI 855,AGITATOR DRIVE MID GEAR,Product Control,KG-AF-27,Not listed in source catalog,19,Catalog photo,/assets/images/parts/kikusui/pge-kik-154.webp,/parts/pge-kik-154/,Verified — index and product page agree
PGE-KIK-155,Kikusui,NEW GEMINI 855,HOPPER POWDER SHUTTER,Product Control,KG-N-6,Not listed in source catalog,19,Catalog photo,/assets/images/parts/kikusui/pge-kik-155.webp,/parts/pge-kik-155/,Verified — index and product page agree
PGE-KIK-156,Kikusui,NEW GEMINI 855,UPPER PUNCH CAM ASSEMBLY TSM B,Upper Cam Tracks,KG-48-1/A-QT,Not listed in source catalog,19,Photo not available,,/parts/pge-kik-156/,Reviewed — product-page value used
PGE-KIK-157,Kikusui,NEW GEMINI 855,UPPER PUNCH GUIDE RAIL,Upper Cam Tracks,KG-G-58,Not listed in source catalog,19,Catalog photo,/assets/images/parts/kikusui/pge-kik-157.webp,/parts/pge-kik-157/,Verified — index and product page agree
PGE-KIK-158,Kikusui,NEW GEMINI 855,UPPER PUNCH GUIDE RAIL,Upper Cam Tracks,KG-G-58-QT,Not listed in source catalog,19,Catalog photo,/assets/images/parts/kikusui/pge-kik-158.webp,/parts/pge-kik-158/,Verified — index and product page agree
